,AKR,BAM,BK,CMA,CVCO,ESS,EXP,FCE,FNF,FPH,FR,GBGS,HA,HCC,LEN,LOW,MAC,MHK,ORI,ORIG,PLD,PNC,PSA,RYN,TDW,TPHS,TRC,UHAL,VNO,WY,Y,ZION
2020 Q1,,7.04,,,,3.18,2.11,,,8.73,,5.8,1.88,2.9,7.73,2.15,,1.88,1.8,,4.38,,2.98,4.26,2.9,1.63,,3.16,5.47,4.61,,
2019 Q4,2.24,6.16,,2.36,,,1.59,,,8.06,2.31,4.83,3.18,3.74,9.9,,3.67,1.98,,,,,,4.16,5.26,1.74,,2.99,3.82,7.91,,
2019 Q3,2.41,7.59,,2.26,,,,,,7.46,2.42,4.63,3.35,3.12,9.870000000000001,2.16,3.19,1.64,,,,,,4.7,3.73,2.06,,2.65,3.57,8.0,,
2019 Q2,2.63,6.53,,2.72,,,,,1.57,7.32,2.21,4.3,3.26,3.87,9.399999999999999,1.97,4.0,,,,,,,5.16,5.13,1.88,,2.38,2.14,9.06,,
2019 Q1,2.7,6.2,,2.65,,,,,1.46,8.2,2.41,4.2,2.87,4.27,11.65,2.28,4.42,,,,,,,5.11,4.41,1.66,,2.33,2.11,8.52,,
2018 Q4,3.39,8.43,,3.02,,,,,,6.44,2.49,1.8,2.55,5.12,11.24,2.64,5.34,,,,,,,5.12,3.73,1.74,1.5,2.24,4.04,8.52,,
2018 Q3,2.9,10.0,1.87,2.71,,,,,,5.43,2.53,,,4.06,9.49,3.12,4.95,,,1.83,,,,4.53,3.94,1.7,,1.77,3.45,8.54,,1.6
2018 Q2,2.48,8.08,2.09,2.42,,,,8.13,,4.84,2.82,,,3.44,9.16,2.27,4.45,,,,,,,4.54,3.24,1.6,2.23,,3.05,9.11,2.02,
2018 Q1,2.28,8.15,2.85,2.64,2.4,,,7.25,,1.94,2.53,,,1.81,,2.14,3.47,,,,,,,5.49,3.25,1.63,3.12,,2.85,9.0,2.21,
